,Date,inventory_id,price,discount,quantity
0,1/3/2012,C,326,8,172
1,1/4/2012,C,326,23,229
2,1/5/2012,A,331,23,186
3,1/6/2012,C,363,4,216
4,1/9/2012,A,314,5,209
5,1/10/2012,B,340,3,218
6,1/11/2012,A,336,22,206
7,1/12/2012,A,374,20,161
8,1/13/2012,C,337,15,216
9,1/17/2012,C,344,29,159
10,1/18/2012,A,336,5,248
11,1/19/2012,A,375,11,209
12,1/20/2012,A,325,18,221
13,1/23/2012,C,335,20,180
14,1/24/2012,A,347,10,192
15,1/25/2012,B,366,0,171
16,1/26/2012,C,323,29,210
17,1/27/2012,A,344,15,193
18,1/30/2012,C,380,23,245
19,1/31/2012,C,354,19,161
20,2/1/2012,B,313,2,158
21,2/2/2012,A,374,7,247
22,2/3/2012,A,343,15,175
23,2/6/2012,C,302,19,172
24,2/7/2012,B,345,1,192
25,2/8/2012,C,344,13,179
26,2/9/2012,C,317,13,239
27,2/10/2012,C,375,30,171
28,2/13/2012,B,305,12,237
29,2/14/2012,A,350,10,205
30,2/15/2012,C,380,2,193
31,2/16/2012,A,359,14,206
32,2/17/2012,C,321,24,208
33,2/21/2012,A,309,26,205
34,2/22/2012,B,377,27,152
35,2/23/2012,A,368,12,216
36,2/24/2012,B,367,0,243
37,2/27/2012,B,346,30,183
38,2/28/2012,C,301,22,214
39,2/29/2012,A,357,21,231
40,3/1/2012,C,349,21,195
41,3/2/2012,C,313,24,218
42,3/5/2012,A,347,12,165
43,3/6/2012,A,380,15,184
44,3/7/2012,A,304,24,248
45,3/8/2012,A,319,2,172
46,3/9/2012,C,320,30,220
47,3/12/2012,A,345,14,246
48,3/13/2012,C,333,26,160
49,3/14/2012,C,345,30,196
50,3/15/2012,C,322,25,215
51,3/16/2012,B,349,23,229
52,3/19/2012,B,309,15,178
53,3/20/2012,A,336,20,179
54,3/21/2012,A,364,20,208
55,3/22/2012,B,346,18,188
56,3/23/2012,C,320,12,213
57,3/26/2012,A,356,23,170
58,3/27/2012,A,318,22,162
59,3/28/2012,B,307,7,153
60,3/29/2012,B,329,16,219
61,3/30/2012,A,365,24,232
62,4/2/2012,B,352,13,217
63,4/3/2012,C,340,18,234
64,4/4/2012,A,318,11,203
65,4/5/2012,C,344,30,233
66,4/9/2012,A,300,24,243
67,4/10/2012,A,366,25,181
68,4/11/2012,B,308,3,212
69,4/12/2012,B,304,24,151
70,4/13/2012,B,371,19,162
71,4/16/2012,B,301,30,235
72,4/17/2012,A,309,6,223
73,4/18/2012,C,378,11,236
74,4/19/2012,A,318,8,163
75,4/20/2012,C,320,25,218
76,4/23/2012,C,365,17,218
77,4/24/2012,B,301,8,242
78,4/25/2012,A,376,22,159
79,4/26/2012,C,309,11,182
80,4/27/2012,B,359,17,241
81,4/30/2012,A,380,16,206
82,5/1/2012,C,331,9,209
83,5/2/2012,A,363,10,201
84,5/3/2012,B,362,0,159
85,5/4/2012,C,338,16,222
86,5/7/2012,B,350,6,176
87,5/8/2012,C,355,23,194
88,5/9/2012,B,326,2,247
89,5/10/2012,A,312,18,155
90,5/11/2012,A,334,2,174
91,5/14/2012,A,311,14,151
92,5/15/2012,C,378,27,192
93,5/16/2012,C,361,25,223
94,5/17/2012,B,352,7,250
95,5/18/2012,B,351,3,170
96,5/21/2012,A,369,12,164
97,5/22/2012,A,353,7,193
98,5/23/2012,B,321,27,234
99,5/24/2012,B,310,8,155
100,5/25/2012,B,370,14,235
101,5/29/2012,C,348,5,231
102,5/30/2012,A,362,6,237
103,5/31/2012,C,301,14,160
104,6/1/2012,B,323,7,215
105,6/4/2012,A,318,5,160
106,6/5/2012,A,338,19,195
107,6/6/2012,A,321,30,169
108,6/7/2012,A,339,10,201
109,6/8/2012,C,328,13,191
110,6/11/2012,C,341,16,204
111,6/12/2012,B,311,13,248
112,6/13/2012,A,339,23,244
113,6/14/2012,B,316,18,218
114,6/15/2012,B,317,3,246
115,6/18/2012,A,371,5,249
116,6/19/2012,C,353,28,159
117,6/20/2012,C,310,20,233
118,6/21/2012,C,350,18,174
119,6/22/2012,B,335,5,226
120,6/25/2012,B,310,19,232
121,6/26/2012,B,373,24,172
122,6/27/2012,A,305,29,167
123,6/28/2012,B,314,13,216
124,6/29/2012,A,350,15,163
125,7/2/2012,C,323,25,241
126,7/3/2012,A,339,11,191
127,7/5/2012,C,326,24,234
128,7/6/2012,B,341,3,238
129,7/9/2012,C,372,21,250
130,7/10/2012,A,376,1,155
131,7/11/2012,A,313,3,222
132,7/12/2012,C,349,1,202
133,7/13/2012,B,311,11,182
134,7/16/2012,A,310,29,154
135,7/17/2012,B,364,22,173
136,7/18/2012,A,328,28,230
137,7/19/2012,A,350,12,210
138,7/20/2012,A,324,20,222
139,7/23/2012,A,372,2,177
140,7/24/2012,C,305,30,161
141,7/25/2012,A,321,19,170
142,7/26/2012,C,342,7,239
143,7/27/2012,A,349,3,197
144,7/30/2012,C,380,11,194
145,7/31/2012,B,333,11,152
146,8/1/2012,C,328,23,153
147,8/2/2012,B,364,12,220
148,8/3/2012,C,365,28,237
149,8/6/2012,B,330,18,176
150,8/7/2012,A,318,27,244
151,8/8/2012,A,313,7,212
152,8/9/2012,C,358,27,219
153,8/10/2012,A,317,26,240
154,8/13/2012,A,339,20,178
155,8/14/2012,B,364,7,239
156,8/15/2012,A,355,8,174
157,8/16/2012,A,380,10,161
158,8/17/2012,C,369,0,185
159,8/20/2012,C,362,11,211
160,8/21/2012,A,332,26,213
161,8/22/2012,B,372,1,244
162,8/23/2012,B,312,2,208
163,8/24/2012,B,329,18,150
164,8/27/2012,A,346,11,248
165,8/28/2012,B,306,23,186
166,8/29/2012,C,378,6,164
167,8/30/2012,A,337,14,236
168,8/31/2012,C,355,10,245
169,9/4/2012,C,360,30,173
170,9/5/2012,A,307,17,187
171,9/6/2012,A,379,26,194
172,9/7/2012,B,353,4,234
173,9/10/2012,B,348,10,182
174,9/11/2012,B,327,19,164
175,9/12/2012,A,375,12,202
176,9/13/2012,A,351,14,156
177,9/14/2012,A,369,28,157
178,9/17/2012,A,308,28,223
179,9/18/2012,C,373,11,224
180,9/19/2012,B,359,9,196
181,9/20/2012,B,372,30,166
182,9/21/2012,A,364,14,223
183,9/24/2012,C,352,3,231
184,9/25/2012,A,337,14,187
185,9/26/2012,C,305,11,201
186,9/27/2012,A,341,29,191
187,9/28/2012,B,305,15,190
188,10/1/2012,A,378,2,228
189,10/2/2012,C,300,19,213
190,10/3/2012,B,377,27,242
191,10/4/2012,C,379,16,229
192,10/5/2012,A,344,4,209
193,10/8/2012,B,305,7,197
194,10/9/2012,A,312,17,186
195,10/10/2012,C,346,22,221
196,10/11/2012,C,352,29,231
197,10/12/2012,B,314,25,193
198,10/15/2012,A,365,27,176
199,10/16/2012,C,349,4,202
200,10/17/2012,A,336,4,194
201,10/18/2012,C,380,15,175
202,10/19/2012,C,348,3,182
203,10/22/2012,C,359,20,244
204,10/23/2012,B,321,16,150
205,10/24/2012,B,321,0,158
206,10/25/2012,C,310,7,183
207,10/26/2012,B,365,12,213
208,10/31/2012,B,311,5,224
209,11/1/2012,C,313,5,154
210,11/2/2012,B,351,25,250
211,11/5/2012,B,357,0,175
212,11/6/2012,B,368,12,224
213,11/7/2012,B,363,18,183
214,11/8/2012,A,336,11,203
215,11/9/2012,B,367,22,160
216,11/12/2012,B,333,15,150
217,11/13/2012,A,367,30,198
218,11/14/2012,A,380,10,215
219,11/15/2012,B,329,29,201
220,11/16/2012,C,323,16,173
221,11/19/2012,C,328,23,203
222,11/20/2012,B,374,17,201
223,11/21/2012,C,327,2,197
224,11/23/2012,B,380,26,234
225,11/26/2012,A,358,6,211
226,11/27/2012,A,331,18,165
227,11/28/2012,A,304,6,177
228,11/29/2012,A,314,0,164
229,11/30/2012,C,373,29,211
230,12/3/2012,C,365,10,225
231,12/4/2012,A,348,8,151
232,12/5/2012,B,322,21,172
233,12/6/2012,B,339,16,177
234,12/7/2012,B,331,27,182
235,12/10/2012,C,325,19,214
236,12/11/2012,A,363,21,153
237,12/12/2012,B,349,11,188
238,12/13/2012,A,336,16,229
239,12/14/2012,A,317,18,215
240,12/17/2012,A,303,17,181
241,12/18/2012,A,379,13,165
242,12/19/2012,C,342,2,223
243,12/20/2012,A,350,4,214
244,12/21/2012,C,323,2,171
245,12/24/2012,B,371,12,217
246,12/26/2012,C,322,7,216
247,12/27/2012,B,378,30,250
248,12/28/2012,B,347,4,174
249,12/31/2012,A,302,8,210
250,1/2/2013,C,300,13,216
251,1/3/2013,B,362,18,217
252,1/4/2013,A,317,17,187
253,1/7/2013,C,339,18,235
254,1/8/2013,A,309,26,221
255,1/9/2013,B,363,26,171
256,1/10/2013,A,379,9,225
257,1/11/2013,C,356,25,232
258,1/14/2013,B,358,2,228
259,1/15/2013,A,380,14,224
260,1/16/2013,B,372,17,212
261,1/17/2013,A,362,14,211
262,1/18/2013,B,377,20,154
263,1/22/2013,C,350,3,173
264,1/23/2013,B,380,17,162
265,1/24/2013,B,335,0,222
266,1/25/2013,C,351,30,215
267,1/28/2013,A,372,13,153
268,1/29/2013,B,353,30,185
269,1/30/2013,B,339,10,190
270,1/31/2013,C,326,23,166
271,2/1/2013,A,370,0,164
272,2/4/2013,C,362,4,200
273,2/5/2013,C,313,2,203
274,2/6/2013,C,333,30,246
275,2/7/2013,B,315,14,191
276,2/8/2013,C,363,17,193
277,2/11/2013,C,322,13,156
278,2/12/2013,B,300,10,233
279,2/13/2013,C,311,21,158
280,2/14/2013,B,326,19,234
281,2/15/2013,B,345,16,211
282,2/19/2013,C,323,8,204
283,2/20/2013,B,345,25,180
284,2/21/2013,A,330,14,177
285,2/22/2013,A,378,15,230
286,2/25/2013,B,338,28,245
287,2/26/2013,A,351,3,172
288,2/27/2013,B,333,7,177
289,2/28/2013,A,323,5,242
290,3/1/2013,B,330,29,165
291,3/4/2013,A,315,29,175
292,3/5/2013,B,378,19,196
293,3/6/2013,B,334,16,178
294,3/7/2013,B,325,9,202
295,3/8/2013,B,350,26,176
296,3/11/2013,A,300,26,250
297,3/12/2013,B,358,30,227
298,3/13/2013,B,324,20,233
299,3/14/2013,C,365,6,227
300,3/15/2013,B,333,27,163
301,3/18/2013,B,374,27,172
302,3/19/2013,B,378,0,178
303,3/20/2013,C,334,28,177
304,3/21/2013,B,337,9,168
305,3/22/2013,A,371,17,227
306,3/25/2013,C,304,9,151
307,3/26/2013,C,307,23,233
308,3/27/2013,A,376,0,222
309,3/28/2013,B,329,28,180
310,4/1/2013,A,367,13,160
311,4/2/2013,B,305,9,208
312,4/3/2013,A,342,6,183
313,4/4/2013,B,351,11,178
314,4/5/2013,A,310,15,192
315,4/8/2013,C,307,12,247
316,4/9/2013,B,367,4,153
317,4/10/2013,B,353,14,225
318,4/11/2013,B,354,11,164
319,4/12/2013,C,346,26,155
320,4/15/2013,A,323,25,204
321,4/16/2013,B,380,30,206
322,4/17/2013,C,336,30,234
323,4/18/2013,B,335,11,152
324,4/19/2013,A,341,30,198
325,4/22/2013,B,363,1,250
326,4/23/2013,B,328,10,193
327,4/24/2013,A,351,15,152
328,4/25/2013,B,349,28,168
329,4/26/2013,C,337,16,198
330,4/29/2013,B,363,27,165
331,4/30/2013,A,378,9,180
332,5/1/2013,B,341,29,173
333,5/2/2013,A,341,7,185
334,5/3/2013,A,377,9,198
335,5/6/2013,A,304,24,250
336,5/7/2013,A,377,8,159
337,5/8/2013,B,329,3,185
338,5/9/2013,B,361,3,203
339,5/10/2013,C,311,10,190
340,5/13/2013,A,374,19,186
341,5/14/2013,A,305,12,199
342,5/15/2013,C,373,10,218
343,5/16/2013,B,302,29,215
344,5/17/2013,A,336,1,210
345,5/20/2013,C,374,25,175
346,5/21/2013,A,309,8,227
347,5/22/2013,B,355,9,216
348,5/23/2013,A,312,30,184
349,5/24/2013,A,314,16,220
350,5/28/2013,C,337,30,216
351,5/29/2013,C,328,15,217
352,5/30/2013,A,301,29,211
353,5/31/2013,B,358,20,203
354,6/3/2013,A,372,16,224
355,6/4/2013,A,361,7,223
356,6/5/2013,B,378,15,222
357,6/6/2013,B,360,5,158
358,6/7/2013,C,315,26,176
359,6/10/2013,A,346,6,194
360,6/11/2013,C,354,15,221
361,6/12/2013,C,304,17,186
362,6/13/2013,A,333,15,203
363,6/14/2013,B,325,9,250
364,6/17/2013,A,361,13,241
365,6/18/2013,A,313,29,207
366,6/19/2013,C,343,14,195
367,6/20/2013,B,345,7,150
368,6/21/2013,B,307,19,245
369,6/24/2013,A,319,0,160
370,6/25/2013,B,337,22,211
371,6/26/2013,B,335,23,209
372,6/27/2013,C,329,23,197
373,6/28/2013,C,366,30,152
374,7/1/2013,C,335,28,159
375,7/2/2013,C,352,8,191
376,7/3/2013,A,346,0,246
377,7/5/2013,C,379,26,229
378,7/8/2013,C,331,15,166
379,7/9/2013,C,300,1,187
380,7/10/2013,A,309,17,245
381,7/11/2013,B,317,13,235
382,7/12/2013,B,368,19,250
383,7/15/2013,B,343,23,158
384,7/16/2013,B,331,4,221
385,7/17/2013,A,367,10,181
386,7/18/2013,C,314,20,163
387,7/19/2013,A,313,9,181
388,7/22/2013,C,321,17,220
389,7/23/2013,A,318,10,221
390,7/24/2013,C,342,1,174
391,7/25/2013,A,371,16,180
392,7/26/2013,B,300,23,218
393,7/29/2013,B,373,2,222
394,7/30/2013,B,375,13,237
395,7/31/2013,C,324,22,203
396,8/1/2013,C,360,0,160
397,8/2/2013,B,327,13,233
398,8/5/2013,B,370,14,234
399,8/6/2013,C,324,30,196
400,8/7/2013,C,367,29,235
401,8/8/2013,A,337,20,151
402,8/9/2013,B,329,8,245
403,8/12/2013,C,304,9,227
404,8/13/2013,C,323,6,198
405,8/14/2013,A,337,0,221
406,8/15/2013,A,369,2,159
407,8/16/2013,C,371,8,221
408,8/19/2013,B,365,28,193
409,8/20/2013,A,344,18,234
410,8/21/2013,C,322,24,193
411,8/22/2013,B,347,2,180
412,8/23/2013,B,362,19,164
413,8/26/2013,B,305,13,198
414,8/27/2013,A,329,9,181
415,8/28/2013,C,377,30,170
416,8/29/2013,C,339,5,186
417,8/30/2013,B,303,29,185
418,9/3/2013,A,339,15,172
419,9/4/2013,C,333,8,245
420,9/5/2013,B,354,21,215
421,9/6/2013,B,351,5,238
422,9/9/2013,A,323,7,200
423,9/10/2013,C,358,24,243
424,9/11/2013,A,319,12,171
425,9/12/2013,B,368,3,244
426,9/13/2013,C,343,18,164
427,9/16/2013,C,351,9,152
428,9/17/2013,B,321,4,182
429,9/18/2013,B,347,22,239
430,9/19/2013,B,336,0,240
431,9/20/2013,A,336,2,201
432,9/23/2013,C,365,29,231
433,9/24/2013,B,330,18,191
434,9/25/2013,A,340,2,153
435,9/26/2013,B,350,10,193
436,9/27/2013,C,374,9,202
437,9/30/2013,C,302,10,243
438,10/1/2013,B,354,4,221
439,10/2/2013,C,344,26,225
440,10/3/2013,C,373,4,158
441,10/4/2013,A,366,23,167
442,10/7/2013,A,310,26,205
443,10/8/2013,C,320,20,200
444,10/9/2013,A,306,3,175
445,10/10/2013,A,319,18,217
446,10/11/2013,A,330,15,241
447,10/14/2013,B,303,24,236
448,10/15/2013,C,333,25,198
449,10/16/2013,C,300,16,163
450,10/17/2013,C,311,5,242
451,10/18/2013,C,345,27,225
452,10/21/2013,B,366,12,161
453,10/22/2013,C,352,27,159
454,10/23/2013,C,337,25,154
455,10/24/2013,A,310,24,214
456,10/25/2013,B,325,0,230
457,10/28/2013,C,378,5,192
458,10/29/2013,B,311,15,178
459,10/30/2013,A,305,28,153
460,10/31/2013,C,355,26,163
461,11/1/2013,A,321,25,183
462,11/4/2013,B,364,3,151
463,11/5/2013,A,335,30,161
464,11/6/2013,B,311,1,225
465,11/7/2013,C,363,9,158
466,11/8/2013,C,376,15,212
467,11/11/2013,A,352,29,248
468,11/12/2013,B,311,26,179
469,11/13/2013,B,314,10,205
470,11/14/2013,C,334,24,150
471,11/15/2013,A,335,5,168
472,11/18/2013,B,374,28,196
473,11/19/2013,A,303,5,155
474,11/20/2013,B,328,1,181
475,11/21/2013,C,311,13,173
476,11/22/2013,B,342,10,181
477,11/25/2013,A,310,7,217
478,11/26/2013,A,317,16,158
479,11/27/2013,A,367,1,237
480,11/29/2013,B,324,30,191
481,12/2/2013,A,308,2,218
482,12/3/2013,B,317,10,198
483,12/4/2013,B,375,4,165
484,12/5/2013,C,380,17,216
485,12/6/2013,C,322,3,161
486,12/9/2013,C,370,29,192
487,12/10/2013,B,344,16,250
488,12/11/2013,B,318,4,226
489,12/12/2013,A,303,22,212
490,12/13/2013,C,306,0,213
491,12/16/2013,A,308,30,199
492,12/17/2013,A,355,5,179
493,12/18/2013,C,338,10,204
494,12/19/2013,B,374,26,243
495,12/20/2013,A,359,13,157
496,12/23/2013,A,374,24,187
497,12/24/2013,C,360,5,150
498,12/26/2013,C,309,15,152
499,12/27/2013,B,356,5,238
500,12/30/2013,B,303,16,174
501,12/31/2013,C,350,25,196
502,1/2/2014,A,308,30,156
503,1/3/2014,B,335,2,174
504,1/6/2014,B,307,5,223
505,1/7/2014,C,317,24,178
506,1/8/2014,A,340,4,213
507,1/9/2014,B,341,15,221
508,1/10/2014,B,363,0,198
509,1/13/2014,C,301,22,175
510,1/14/2014,B,376,30,199
511,1/15/2014,A,324,23,244
512,1/16/2014,C,313,17,187
513,1/17/2014,B,361,29,188
514,1/21/2014,A,377,10,187
515,1/22/2014,B,376,9,244
516,1/23/2014,C,358,15,238
517,1/24/2014,B,364,25,216
518,1/27/2014,A,311,28,172
519,1/28/2014,A,330,30,211
520,1/29/2014,B,380,10,233
521,1/30/2014,A,371,25,211
522,1/31/2014,B,338,1,248
523,2/3/2014,C,326,15,193
524,2/4/2014,A,316,9,179
525,2/5/2014,A,369,9,239
526,2/6/2014,C,345,0,174
527,2/7/2014,A,339,16,227
528,2/10/2014,B,349,17,171
529,2/11/2014,A,362,20,201
530,2/12/2014,A,326,7,211
531,2/13/2014,A,307,27,198
532,2/14/2014,C,372,19,202
533,2/18/2014,C,335,4,174
534,2/19/2014,B,308,22,221
535,2/20/2014,C,359,9,198
536,2/21/2014,A,338,5,203
537,2/24/2014,C,325,19,180
538,2/25/2014,A,343,28,218
539,2/26/2014,B,314,24,210
540,2/27/2014,B,330,28,197
541,2/28/2014,A,359,13,157
542,3/3/2014,C,344,13,213
543,3/4/2014,A,352,7,158
544,3/5/2014,C,354,26,218
545,3/6/2014,B,374,23,164
546,3/7/2014,C,325,2,236
547,3/10/2014,B,353,24,188
548,3/11/2014,B,306,20,217
549,3/12/2014,B,334,5,243
550,3/13/2014,B,375,23,162
551,3/14/2014,C,326,5,201
552,3/17/2014,C,336,27,204
553,3/18/2014,A,325,9,158
554,3/19/2014,B,348,6,216
555,3/20/2014,C,307,19,161
556,3/21/2014,C,351,30,154
557,3/24/2014,A,370,4,168
558,3/25/2014,C,356,3,238
559,3/26/2014,B,326,15,217
560,3/27/2014,B,360,3,161
561,3/28/2014,A,344,7,208
562,3/31/2014,B,353,1,181
563,4/1/2014,A,314,27,215
564,4/2/2014,C,312,5,187
565,4/3/2014,C,351,24,242
566,4/4/2014,C,348,17,234
567,4/7/2014,B,348,12,234
568,4/8/2014,C,363,25,167
569,4/9/2014,A,328,26,164
570,4/10/2014,B,336,29,243
571,4/11/2014,C,329,2,163
572,4/14/2014,B,307,30,152
573,4/15/2014,B,335,3,158
574,4/16/2014,B,359,23,196
575,4/17/2014,B,346,24,215
576,4/21/2014,B,324,20,228
577,4/22/2014,B,333,5,150
578,4/23/2014,B,304,17,245
579,4/24/2014,A,310,26,177
580,4/25/2014,A,377,9,184
581,4/28/2014,B,348,16,173
582,4/29/2014,A,324,7,164
583,4/30/2014,B,375,12,196
584,5/1/2014,A,350,2,180
585,5/2/2014,B,316,17,155
586,5/5/2014,A,325,10,177
587,5/6/2014,A,357,12,182
588,5/7/2014,C,374,30,157
589,5/8/2014,B,322,20,185
590,5/9/2014,A,307,3,203
591,5/12/2014,A,330,13,194
592,5/13/2014,B,321,14,227
593,5/14/2014,A,374,26,224
594,5/15/2014,A,364,15,209
595,5/16/2014,B,373,25,242
596,5/19/2014,B,303,27,167
597,5/20/2014,A,374,9,214
598,5/21/2014,B,348,22,193
599,5/22/2014,C,311,0,214
600,5/23/2014,C,354,14,213
601,5/27/2014,C,358,22,210
602,5/28/2014,C,303,14,247
603,5/29/2014,C,359,19,155
604,5/30/2014,A,306,6,166
605,6/2/2014,B,332,9,239
606,6/3/2014,A,321,29,230
607,6/4/2014,B,370,29,174
608,6/5/2014,A,375,4,241
609,6/6/2014,A,307,1,175
610,6/9/2014,C,324,14,211
611,6/10/2014,B,374,11,245
612,6/11/2014,B,302,19,224
613,6/12/2014,A,367,0,167
614,6/13/2014,A,352,6,179
615,6/16/2014,B,318,11,199
616,6/17/2014,A,379,3,191
617,6/18/2014,B,375,3,232
618,6/19/2014,C,331,19,204
619,6/20/2014,C,307,22,157
620,6/23/2014,B,331,1,243
621,6/24/2014,A,372,19,166
622,6/25/2014,A,361,12,181
623,6/26/2014,B,370,21,222
624,6/27/2014,A,363,11,190
625,6/30/2014,C,313,10,171
626,7/1/2014,A,351,9,240
627,7/2/2014,A,344,15,250
628,7/3/2014,B,348,8,193
629,7/7/2014,B,306,0,211
630,7/8/2014,C,370,29,195
631,7/9/2014,A,324,25,218
632,7/10/2014,B,311,23,233
633,7/11/2014,B,344,24,212
634,7/14/2014,A,302,2,238
635,7/15/2014,B,368,12,173
636,7/16/2014,C,322,24,158
637,7/17/2014,A,326,17,164
638,7/18/2014,C,370,16,189
639,7/21/2014,B,372,30,160
640,7/22/2014,C,364,9,150
641,7/23/2014,C,308,14,214
642,7/24/2014,A,340,14,166
643,7/25/2014,A,347,6,156
644,7/28/2014,C,355,14,177
645,7/29/2014,A,378,16,172
646,7/30/2014,C,330,13,162
647,7/31/2014,A,355,14,209
648,8/1/2014,B,312,22,186
649,8/4/2014,C,343,29,160
650,8/5/2014,B,357,7,211
651,8/6/2014,A,344,13,188
652,8/7/2014,C,342,25,197
653,8/8/2014,B,335,24,179
654,8/11/2014,B,336,1,166
655,8/12/2014,A,309,9,175
656,8/13/2014,A,363,14,225
657,8/14/2014,A,348,0,178
658,8/15/2014,B,342,8,164
659,8/18/2014,B,319,26,237
660,8/19/2014,B,350,14,160
661,8/20/2014,A,313,7,206
662,8/21/2014,A,368,10,232
663,8/22/2014,B,338,11,193
664,8/25/2014,B,355,3,199
665,8/26/2014,C,305,16,223
666,8/27/2014,A,301,11,171
667,8/28/2014,A,340,8,178
668,8/29/2014,B,301,18,188
669,9/2/2014,A,370,16,227
670,9/3/2014,A,370,24,192
671,9/4/2014,A,300,13,152
672,9/5/2014,A,336,13,222
673,9/8/2014,A,324,24,202
674,9/9/2014,B,301,29,182
675,9/10/2014,C,330,14,219
676,9/11/2014,C,326,22,235
677,9/12/2014,A,321,8,222
678,9/15/2014,A,369,26,202
679,9/16/2014,A,319,29,155
680,9/17/2014,A,364,28,185
681,9/18/2014,B,367,16,217
682,9/19/2014,A,319,23,229
683,9/22/2014,B,317,28,151
684,9/23/2014,C,345,26,232
685,9/24/2014,B,354,8,187
686,9/25/2014,B,327,1,189
687,9/26/2014,C,354,19,176
688,9/29/2014,A,358,13,242
689,9/30/2014,B,362,4,161
690,10/1/2014,B,357,25,216
691,10/2/2014,C,365,26,250
692,10/3/2014,B,349,30,250
693,10/6/2014,B,337,29,217
694,10/7/2014,C,347,23,151
695,10/8/2014,B,302,30,167
696,10/9/2014,C,302,20,175
697,10/10/2014,B,369,26,245
698,10/13/2014,B,309,19,231
699,10/14/2014,B,335,4,193
700,10/15/2014,B,344,26,166
701,10/16/2014,B,329,12,164
702,10/17/2014,A,304,20,228
703,10/20/2014,C,310,1,207
704,10/21/2014,A,335,22,151
705,10/22/2014,A,356,21,188
706,10/23/2014,B,317,30,236
707,10/24/2014,C,313,14,165
708,10/27/2014,A,350,9,248
709,10/28/2014,C,357,1,184
710,10/29/2014,A,316,25,177
711,10/30/2014,B,305,9,224
712,10/31/2014,C,371,22,188
713,11/3/2014,A,345,0,180
714,11/4/2014,A,337,15,165
715,11/5/2014,C,305,24,199
716,11/6/2014,A,307,16,160
717,11/7/2014,A,314,2,242
718,11/10/2014,A,378,1,161
719,11/11/2014,B,312,29,198
720,11/12/2014,C,374,2,196
721,11/13/2014,A,335,9,224
722,11/14/2014,C,356,15,222
723,11/17/2014,C,362,3,222
724,11/18/2014,C,315,13,244
725,11/19/2014,C,340,3,157
726,11/20/2014,B,373,23,165
727,11/21/2014,B,327,9,204
728,11/24/2014,C,360,11,172
729,11/25/2014,A,312,7,232
730,11/26/2014,A,348,0,209
731,11/28/2014,B,359,20,244
732,12/1/2014,B,374,29,212
733,12/2/2014,C,318,17,178
734,12/3/2014,A,366,12,185
735,12/4/2014,B,307,8,165
736,12/5/2014,C,362,25,234
737,12/8/2014,B,334,7,153
738,12/9/2014,A,334,22,196
739,12/10/2014,A,357,14,211
740,12/11/2014,A,360,28,168
741,12/12/2014,B,305,11,196
742,12/15/2014,C,363,29,181
743,12/16/2014,C,341,24,160
744,12/17/2014,A,374,27,191
745,12/18/2014,B,321,0,213
746,12/19/2014,A,362,14,230
747,12/22/2014,A,333,10,209
748,12/23/2014,C,327,15,161
749,12/24/2014,A,379,28,247
750,12/26/2014,C,307,22,219
751,12/29/2014,C,372,14,186
752,12/30/2014,B,326,22,228
753,12/31/2014,C,316,12,245
754,1/2/2015,C,314,29,250
755,1/5/2015,A,368,25,196
756,1/6/2015,A,369,22,173
757,1/7/2015,A,351,23,246
758,1/8/2015,A,303,6,160
759,1/9/2015,B,358,8,215
760,1/12/2015,C,313,27,213
761,1/13/2015,A,341,26,240
762,1/14/2015,A,323,5,200
763,1/15/2015,A,372,26,162
764,1/16/2015,C,354,6,210
765,1/20/2015,B,330,23,209
766,1/21/2015,A,378,3,218
767,1/22/2015,C,335,9,212
768,1/23/2015,A,372,17,229
769,1/26/2015,C,306,13,154
770,1/27/2015,A,356,7,152
771,1/28/2015,B,308,7,207
772,1/29/2015,B,356,17,150
773,1/30/2015,C,316,10,224
774,2/2/2015,B,364,3,188
775,2/3/2015,A,348,25,179
776,2/4/2015,B,357,8,209
777,2/5/2015,B,323,10,222
778,2/6/2015,C,368,19,217
779,2/9/2015,A,370,14,244
780,2/10/2015,C,362,7,218
781,2/11/2015,C,351,18,219
782,2/12/2015,A,373,7,193
783,2/13/2015,B,364,24,178
784,2/17/2015,A,368,22,175
785,2/18/2015,C,312,5,159
786,2/19/2015,A,326,10,154
787,2/20/2015,B,352,9,170
788,2/23/2015,A,342,23,232
789,2/24/2015,B,371,24,198
790,2/25/2015,C,339,0,153
791,2/26/2015,C,331,11,244
792,2/27/2015,B,342,11,198
793,3/2/2015,B,353,16,206
794,3/3/2015,A,333,3,186
795,3/4/2015,C,355,6,211
796,3/5/2015,C,358,21,187
797,3/6/2015,A,343,7,162
798,3/9/2015,B,350,24,233
799,3/10/2015,C,363,1,165
800,3/11/2015,B,309,0,179
801,3/12/2015,B,344,23,193
802,3/13/2015,B,372,1,192
803,3/16/2015,C,374,4,157
804,3/17/2015,C,364,2,250
805,3/18/2015,B,375,9,215
806,3/19/2015,C,351,11,180
807,3/20/2015,C,361,12,221
808,3/23/2015,A,355,30,194
809,3/24/2015,C,369,21,199
810,3/25/2015,B,346,0,221
811,3/26/2015,C,360,11,179
812,3/27/2015,C,303,3,244
813,3/30/2015,C,380,21,183
814,3/31/2015,B,373,26,189
815,4/1/2015,C,365,9,196
816,4/2/2015,C,379,14,195
817,4/6/2015,A,366,5,211
818,4/7/2015,B,369,16,234
819,4/8/2015,A,336,23,204
820,4/9/2015,B,354,1,195
821,4/10/2015,C,380,9,172
822,4/13/2015,B,346,16,181
823,4/14/2015,C,369,0,210
824,4/15/2015,C,345,14,235
825,4/16/2015,C,304,9,233
826,4/17/2015,A,309,28,247
827,4/20/2015,A,358,21,222
828,4/21/2015,C,371,1,166
829,4/22/2015,C,356,4,218
830,4/23/2015,B,312,20,175
831,4/24/2015,C,376,18,156
832,4/27/2015,C,361,20,186
833,4/28/2015,B,329,29,233
834,4/29/2015,C,354,14,186
835,4/30/2015,A,361,16,208
836,5/1/2015,C,301,26,195
837,5/4/2015,A,343,13,165
838,5/5/2015,C,364,21,200
839,5/6/2015,A,350,17,153
840,5/7/2015,A,371,0,198
841,5/8/2015,A,328,7,214
842,5/11/2015,B,307,10,250
843,5/12/2015,A,309,29,226
844,5/13/2015,A,332,24,191
845,5/14/2015,A,374,15,201
846,5/15/2015,C,324,24,204
847,5/18/2015,A,327,23,217
848,5/19/2015,B,311,14,182
849,5/20/2015,A,320,29,203
850,5/21/2015,C,306,8,246
851,5/22/2015,A,343,10,222
852,5/26/2015,A,317,6,182
853,5/27/2015,B,323,1,210
854,5/28/2015,B,365,4,213
855,5/29/2015,A,309,2,228
856,6/1/2015,A,323,5,202
857,6/2/2015,C,377,24,246
858,6/3/2015,B,377,9,154
859,6/4/2015,A,313,0,151
860,6/5/2015,A,308,25,246
861,6/8/2015,C,321,13,241
862,6/9/2015,B,379,18,240
863,6/10/2015,C,377,12,234
864,6/11/2015,A,357,5,188
865,6/12/2015,A,339,30,150
866,6/15/2015,B,305,7,202
867,6/16/2015,B,317,11,241
868,6/17/2015,A,331,19,194
869,6/18/2015,B,375,5,228
870,6/19/2015,C,371,23,153
871,6/22/2015,B,328,27,208
872,6/23/2015,C,374,11,201
873,6/24/2015,C,301,27,215
874,6/25/2015,A,367,5,220
875,6/26/2015,A,328,8,214
876,6/29/2015,B,312,25,217
877,6/30/2015,A,309,10,232
878,7/1/2015,B,335,1,243
879,7/2/2015,C,359,22,194
880,7/6/2015,A,319,17,189
881,7/7/2015,B,359,24,196
882,7/8/2015,A,354,24,205
883,7/9/2015,A,301,8,172
884,7/10/2015,A,372,0,233
885,7/13/2015,A,350,3,250
886,7/14/2015,C,353,13,200
887,7/15/2015,A,335,28,173
888,7/16/2015,B,354,4,240
889,7/17/2015,C,308,26,228
890,7/20/2015,B,320,9,250
891,7/21/2015,C,306,21,184
892,7/22/2015,A,356,11,169
893,7/23/2015,C,339,11,232
894,7/24/2015,A,362,24,172
895,7/27/2015,B,304,27,220
896,7/28/2015,C,353,18,199
897,7/29/2015,C,325,16,185
898,7/30/2015,B,342,23,248
899,7/31/2015,A,355,17,220
900,8/3/2015,A,354,11,228
901,8/4/2015,A,360,9,188
902,8/5/2015,C,313,0,178
903,8/6/2015,B,323,3,177
904,8/7/2015,C,349,23,205
905,8/10/2015,B,325,27,176
906,8/11/2015,C,337,4,156
907,8/12/2015,B,316,23,155
908,8/13/2015,C,359,12,243
909,8/14/2015,A,347,24,218
910,8/17/2015,A,342,23,226
911,8/18/2015,A,367,2,183
912,8/19/2015,C,330,4,151
913,8/20/2015,A,360,25,160
914,8/21/2015,C,327,23,240
915,8/24/2015,B,374,16,151
916,8/25/2015,C,356,19,192
917,8/26/2015,A,324,14,174
918,8/27/2015,A,304,12,201
919,8/28/2015,A,356,0,193
920,8/31/2015,B,379,3,217
921,9/1/2015,A,312,13,170
922,9/2/2015,B,310,10,150
923,9/3/2015,A,370,17,153
924,9/4/2015,A,320,28,186
925,9/8/2015,A,370,18,247
926,9/9/2015,A,315,0,181
927,9/10/2015,C,342,0,217
928,9/11/2015,A,301,29,188
929,9/14/2015,C,338,26,233
930,9/15/2015,B,335,25,209
931,9/16/2015,C,373,14,175
932,9/17/2015,A,303,17,218
933,9/18/2015,B,344,11,226
934,9/21/2015,A,314,30,153
935,9/22/2015,B,365,16,161
936,9/23/2015,A,365,26,214
937,9/24/2015,A,338,16,241
938,9/25/2015,C,372,0,189
939,9/28/2015,B,323,18,236
940,9/29/2015,A,359,29,161
941,9/30/2015,B,334,5,210
942,10/1/2015,B,373,26,210
943,10/2/2015,A,354,0,223
944,10/5/2015,B,368,19,159
945,10/6/2015,C,353,4,159
946,10/7/2015,A,322,10,177
947,10/8/2015,A,352,25,240
948,10/9/2015,B,374,13,183
949,10/12/2015,A,361,26,160
950,10/13/2015,B,354,27,245
951,10/14/2015,B,325,24,215
952,10/15/2015,B,378,3,236
953,10/16/2015,B,316,2,200
954,10/19/2015,B,336,14,215
955,10/20/2015,C,316,5,164
956,10/21/2015,A,371,4,197
957,10/22/2015,B,354,5,193
958,10/23/2015,A,361,6,233
959,10/26/2015,A,330,30,230
960,10/27/2015,C,337,4,155
961,10/28/2015,B,372,26,246
962,10/29/2015,C,322,23,212
963,10/30/2015,B,369,13,194
964,11/2/2015,C,327,20,232
965,11/3/2015,B,316,20,225
966,11/4/2015,C,304,12,221
967,11/5/2015,A,303,3,180
968,11/6/2015,B,334,29,208
969,11/9/2015,C,329,2,181
970,11/10/2015,C,369,14,224
971,11/11/2015,A,329,12,227
972,11/12/2015,A,306,6,222
973,11/13/2015,B,353,2,165
974,11/16/2015,A,358,8,219
975,11/17/2015,C,360,16,216
976,11/18/2015,B,310,13,192
977,11/19/2015,C,327,22,248
978,11/20/2015,B,347,7,151
979,11/23/2015,C,322,8,219
980,11/24/2015,C,307,6,215
981,11/25/2015,C,311,12,231
982,11/27/2015,A,307,12,238
983,11/30/2015,C,342,8,219
984,12/1/2015,B,323,13,245
985,12/2/2015,B,335,30,210
986,12/3/2015,C,320,30,205
987,12/4/2015,C,301,9,196
988,12/7/2015,C,328,14,221
989,12/8/2015,B,374,21,219
990,12/9/2015,C,374,21,235
991,12/10/2015,A,378,22,215
992,12/11/2015,A,318,12,216
993,12/14/2015,C,322,17,179
994,12/15/2015,C,350,28,219
995,12/16/2015,C,340,14,238
996,12/17/2015,A,331,16,199
997,12/18/2015,B,333,27,163
998,12/21/2015,C,325,12,233
999,12/22/2015,B,327,26,163
1000,12/23/2015,C,375,3,187
1001,12/24/2015,B,334,10,227
1002,12/28/2015,A,313,19,230
1003,12/29/2015,A,326,5,150
1004,12/30/2015,A,333,6,204
1005,12/31/2015,B,300,8,177
1006,1/4/2016,C,300,26,195
1007,1/5/2016,C,300,2,192
1008,1/6/2016,B,303,9,226
1009,1/7/2016,C,338,5,180
1010,1/8/2016,B,356,19,212
1011,1/11/2016,B,323,7,164
1012,1/12/2016,A,348,29,216
1013,1/13/2016,C,326,9,225
1014,1/14/2016,C,354,29,177
1015,1/15/2016,C,364,30,193
1016,1/19/2016,C,377,2,150
1017,1/20/2016,A,321,3,164
1018,1/21/2016,C,325,1,216
1019,1/22/2016,A,325,27,206
1020,1/25/2016,A,358,26,212
1021,1/26/2016,B,318,28,221
1022,1/27/2016,B,311,25,184
1023,1/28/2016,A,315,3,230
1024,1/29/2016,C,324,22,242
1025,2/1/2016,C,334,15,164
1026,2/2/2016,A,359,20,207
1027,2/3/2016,A,357,17,218
1028,2/4/2016,C,380,17,179
1029,2/5/2016,A,304,29,150
1030,2/8/2016,A,354,29,196
1031,2/9/2016,B,348,27,242
1032,2/10/2016,B,379,18,228
1033,2/11/2016,B,314,12,154
1034,2/12/2016,C,367,21,150
1035,2/16/2016,A,375,17,153
1036,2/17/2016,C,380,24,238
1037,2/18/2016,B,342,25,164
1038,2/19/2016,B,345,1,244
1039,2/22/2016,B,337,23,211
1040,2/23/2016,A,362,1,243
1041,2/24/2016,B,301,10,185
1042,2/25/2016,C,354,13,156
1043,2/26/2016,A,321,8,237
1044,2/29/2016,C,351,21,195
1045,3/1/2016,B,380,13,231
1046,3/2/2016,B,337,13,232
1047,3/3/2016,A,314,22,228
1048,3/4/2016,A,379,16,195
1049,3/7/2016,A,355,11,204
1050,3/8/2016,B,314,3,223
1051,3/9/2016,C,343,25,179
1052,3/10/2016,B,380,6,174
1053,3/11/2016,A,367,30,165
1054,3/14/2016,C,304,27,151
1055,3/15/2016,C,316,25,193
1056,3/16/2016,A,360,18,227
1057,3/17/2016,A,329,23,241
1058,3/18/2016,A,337,3,247
1059,3/21/2016,A,310,28,206
1060,3/22/2016,C,332,29,217
1061,3/23/2016,B,341,16,153
1062,3/24/2016,C,366,21,166
1063,3/28/2016,B,351,3,222
1064,3/29/2016,C,311,22,196
1065,3/30/2016,C,325,28,199
1066,3/31/2016,B,370,17,202
1067,4/1/2016,A,353,22,159
1068,4/4/2016,B,373,6,173
1069,4/5/2016,B,316,25,213
1070,4/6/2016,C,319,22,239
1071,4/7/2016,B,324,18,162
1072,4/8/2016,B,303,12,211
1073,4/11/2016,B,319,10,228
1074,4/12/2016,B,374,20,185
1075,4/13/2016,A,300,10,220
1076,4/14/2016,A,349,11,221
1077,4/15/2016,C,347,10,241
1078,4/18/2016,A,347,27,169
1079,4/19/2016,B,322,14,154
1080,4/20/2016,B,309,6,160
1081,4/21/2016,C,351,4,191
1082,4/22/2016,A,301,1,238
1083,4/25/2016,B,336,1,216
1084,4/26/2016,B,357,29,247
1085,4/27/2016,B,350,29,217
1086,4/28/2016,B,320,10,206
1087,4/29/2016,B,336,17,196
1088,5/2/2016,A,364,9,215
1089,5/3/2016,B,304,19,235
1090,5/4/2016,B,326,4,241
1091,5/5/2016,B,311,28,192
1092,5/6/2016,B,324,25,215
1093,5/9/2016,B,346,16,173
1094,5/10/2016,B,324,1,242
1095,5/11/2016,A,344,29,228
1096,5/12/2016,B,315,14,209
1097,5/13/2016,B,300,28,212
1098,5/16/2016,C,305,7,209
1099,5/17/2016,C,352,10,164
1100,5/18/2016,B,334,10,161
1101,5/19/2016,A,301,7,201
1102,5/20/2016,C,334,16,246
1103,5/23/2016,C,357,24,151
1104,5/24/2016,B,301,1,205
1105,5/25/2016,B,321,28,229
1106,5/26/2016,B,328,14,181
1107,5/27/2016,B,332,7,222
1108,5/31/2016,C,359,12,191
1109,6/1/2016,C,334,13,155
1110,6/2/2016,A,301,26,188
1111,6/3/2016,B,366,10,197
1112,6/6/2016,A,371,4,155
1113,6/7/2016,A,320,10,214
1114,6/8/2016,C,345,21,221
1115,6/9/2016,C,314,15,207
1116,6/10/2016,C,375,18,194
1117,6/13/2016,C,359,28,228
1118,6/14/2016,A,359,5,197
1119,6/15/2016,A,301,25,246
1120,6/16/2016,C,327,7,221
1121,6/17/2016,B,355,15,162
1122,6/20/2016,B,363,19,226
1123,6/21/2016,A,312,16,170
1124,6/22/2016,B,338,19,246
1125,6/23/2016,A,364,20,152
1126,6/24/2016,A,376,17,168
1127,6/27/2016,C,380,30,188
1128,6/28/2016,A,342,26,247
1129,6/29/2016,B,312,17,178
1130,6/30/2016,B,316,30,178
1131,7/1/2016,A,343,8,157
1132,7/5/2016,A,346,22,157
1133,7/6/2016,A,312,6,153
1134,7/7/2016,C,334,24,189
1135,7/8/2016,C,370,28,171
1136,7/11/2016,B,301,18,182
1137,7/12/2016,B,337,20,213
1138,7/13/2016,A,323,30,225
1139,7/14/2016,C,330,10,240
1140,7/15/2016,B,350,20,238
1141,7/18/2016,A,346,10,234
1142,7/19/2016,B,313,4,200
1143,7/20/2016,C,354,16,185
1144,7/21/2016,C,360,12,155
1145,7/22/2016,C,341,23,245
1146,7/25/2016,A,356,28,183
1147,7/26/2016,B,333,30,202
1148,7/27/2016,C,303,13,177
1149,7/28/2016,C,305,9,160
1150,7/29/2016,C,368,8,199
1151,8/1/2016,C,372,22,168
1152,8/2/2016,C,334,30,178
1153,8/3/2016,B,362,24,219
1154,8/4/2016,A,365,15,187
1155,8/5/2016,A,347,3,215
1156,8/8/2016,A,326,6,159
1157,8/9/2016,C,344,29,237
1158,8/10/2016,C,366,29,233
1159,8/11/2016,B,336,15,246
1160,8/12/2016,A,367,23,238
1161,8/15/2016,B,337,14,245
1162,8/16/2016,A,346,0,167
1163,8/17/2016,C,307,8,178
1164,8/18/2016,A,360,1,202
1165,8/19/2016,C,313,9,240
1166,8/22/2016,C,375,21,212
1167,8/23/2016,C,355,30,174
1168,8/24/2016,A,370,28,232
1169,8/25/2016,A,314,0,204
1170,8/26/2016,C,377,8,176
1171,8/29/2016,B,305,16,222
1172,8/30/2016,B,310,28,153
1173,8/31/2016,B,338,27,165
1174,9/1/2016,A,300,11,232
1175,9/2/2016,C,365,4,224
1176,9/6/2016,A,341,15,228
1177,9/7/2016,A,321,10,244
1178,9/8/2016,C,304,21,232
1179,9/9/2016,C,337,11,151
1180,9/12/2016,B,321,27,212
1181,9/13/2016,B,343,1,240
1182,9/14/2016,B,372,25,162
1183,9/15/2016,A,337,11,194
1184,9/16/2016,B,349,7,240
1185,9/19/2016,C,306,11,185
1186,9/20/2016,B,321,24,185
1187,9/21/2016,C,354,30,226
1188,9/22/2016,B,372,9,181
1189,9/23/2016,C,315,5,188
1190,9/26/2016,B,302,24,213
1191,9/27/2016,B,336,16,218
1192,9/28/2016,B,358,24,178
1193,9/29/2016,B,379,18,227
1194,9/30/2016,B,378,3,240
1195,10/3/2016,B,320,30,216
1196,10/4/2016,C,347,25,154
1197,10/5/2016,A,352,13,156
1198,10/6/2016,A,364,8,226
1199,10/7/2016,B,371,25,196
1200,10/10/2016,C,317,4,198
1201,10/11/2016,C,330,11,187
1202,10/12/2016,B,319,17,224
1203,10/13/2016,C,361,28,207
1204,10/14/2016,C,344,19,233
1205,10/17/2016,A,303,11,178
1206,10/18/2016,C,334,25,217
1207,10/19/2016,C,370,1,216
1208,10/20/2016,B,316,18,248
1209,10/21/2016,A,372,8,154
1210,10/24/2016,A,337,18,249
1211,10/25/2016,B,366,0,170
1212,10/26/2016,A,373,8,170
1213,10/27/2016,C,376,20,216
1214,10/28/2016,B,320,8,203
1215,10/31/2016,C,320,27,237
1216,11/1/2016,C,328,24,219
1217,11/2/2016,A,379,2,213
1218,11/3/2016,C,302,3,179
1219,11/4/2016,C,357,18,224
1220,11/7/2016,B,349,17,246
1221,11/8/2016,A,376,20,183
1222,11/9/2016,B,359,28,181
1223,11/10/2016,A,347,0,191
1224,11/11/2016,A,371,10,167
1225,11/14/2016,C,344,12,172
1226,11/15/2016,C,378,4,213
1227,11/16/2016,C,353,21,173
1228,11/17/2016,C,353,20,196
1229,11/18/2016,B,351,3,225
1230,11/21/2016,B,356,8,187
1231,11/22/2016,B,316,21,203
1232,11/23/2016,A,338,21,223
1233,11/25/2016,C,317,14,157
1234,11/28/2016,A,314,15,162
1235,11/29/2016,A,307,14,242
1236,11/30/2016,B,354,4,197
1237,12/1/2016,C,365,10,242
1238,12/2/2016,A,311,30,167
1239,12/5/2016,C,360,20,191
1240,12/6/2016,C,355,17,219
1241,12/7/2016,A,336,17,225
1242,12/8/2016,B,330,20,175
1243,12/9/2016,A,340,8,199
1244,12/12/2016,A,318,3,183
1245,12/13/2016,A,320,24,184
1246,12/14/2016,B,320,8,195
1247,12/15/2016,A,317,28,210
1248,12/16/2016,C,335,12,220
1249,12/19/2016,C,320,12,219
1250,12/20/2016,C,307,24,199
1251,12/21/2016,A,354,16,185
1252,12/22/2016,A,354,0,151
1253,12/23/2016,B,334,12,171
1254,12/27/2016,A,376,11,193
1255,12/28/2016,B,351,15,239
1256,12/29/2016,B,379,28,169
1257,12/30/2016,C,304,23,169
